date,category
2025-06-01,other
2025-08-24,other
2025-08-25,other
2025-08-26,other
2025-08-27,other
2025-08-28,other
2025-08-29,other
2025-08-30,other
2025-08-31,other
2025-09-12,other
2025-09-13,other
2025-09-14,other
2024-02-18,other
2024-02-19,other
2024-02-20,other
2024-02-21,other
2024-02-22,other
2024-02-23,other
2024-02-24,other
2024-04-14,other
2024-04-15,other
2024-04-16,other
2024-04-17,other
2024-04-18,other
2024-04-19,other
2024-04-20,other
2024-05-04,other
2024-05-08,other
2024-05-09,other
2024-05-10,other
2024-05-11,other
2024-05-12,other
2024-06-02,other
2024-06-03,other
2024-06-04,other
2024-06-05,other
2024-06-06,other
2024-06-07,other
2024-06-08,other
2024-08-09,other
2024-08-10,other
2024-08-11,other
2024-08-12,other
2024-08-13,other
2024-08-14,other
2024-08-15,other
2024-08-16,other
2024-08-17,other
2024-08-18,other
2024-08-19,other
2024-08-20,other
2024-08-21,other
2024-08-22,other
2024-08-23,other
2024-08-24,other
2024-08-25,other
2024-08-26,other
2024-11-03,other
2024-11-04,other
2024-11-05,other
2024-11-06,other
2024-11-07,other
2024-11-08,other
2024-11-09,other
2024-12-15,other
2024-12-16,other
2024-12-17,other
2024-12-18,other
2024-12-19,other
2024-12-20,other
2024-12-21,other
2024-12-22,other
2024-12-23,other
2024-12-24,other
2024-12-25,other
2024-12-26,other
2024-12-27,other
2024-12-28,other
2024-12-29,other
2025-02-23,other
2025-02-24,other
2025-02-25,other
2025-02-26,other
2025-02-27,other
2025-02-28,other
2025-03-01,other
2025-04-06,other
2025-04-07,other
2025-04-08,other
2025-04-09,other
2025-04-10,other
2025-04-11,other
2025-04-12,other